{"node:Log": 0.0015377998352050781, "node:Class": 0.0, "node:Event": 0.0, "node:Entity": 0.0, "node:Snapshot": 0.013798236846923828, "rel:has": 0.002000570297241211, "rel:observed": 0.0029070377349853516, "rel:rel:Entity": 0.015190839767456055, "rel:snapshot": 0.0, "rel:rel:SnapshotUpdate": 0.014470100402832031, "rel:rel:Snapshot": 0.03026890754699707, "node:Reified_Entity": 0.0030074119567871094, "node:Reified_Snapshot": 0.0, "rel:derived": 0.011212587356567383, "rel:corr:Entity": 0.013964653015136719, "rel:corr:ReifiedEntity": 0.00019931793212890625, "rel:corr:Snapshot": 0.015657663345336914, "rel:corr:ReifiedSnapshot": 0.010565996170043945, "rel_Event-df[entity]->Event": 0.014602899551391602, "rel_Event-df[snapshot]->Event": 0.01622796058654785, "rel:df": 0.030830860137939453}