{"node:Log": 0.0, "node:Class": 0.003999948501586914, "node:Event": 0.003001689910888672, "node:Entity": 0.0010004043579101562, "node:Snapshot": 7.533666133880615, "rel:has": 0.025742769241333008, "rel:observed": 0.02154827117919922, "rel:rel:Entity": 0.07203459739685059, "rel:snapshot": 0.032869815826416016, "rel:rel:SnapshotUpdate": 0.0375826358795166, "rel:rel:Snapshot": 0.14612388610839844, "node:Reified_Entity": 0.0552825927734375, "node:Reified_Snapshot": 0.05073428153991699, "rel:derived": 0.042301177978515625, "rel:corr:Entity": 0.4646117687225342, "rel:corr:ReifiedEntity": 45.33535122871399, "rel:corr:Snapshot": 2.8969695568084717, "rel:corr:ReifiedSnapshot": 17.168164253234863, "rel_Event-df[entity]->Event": 301.741751909256, "rel_Event-df[snapshot]->Event": 188.2028684616089, "rel:df": 489.94462037086487}