{"node:Log": 0.0, "node:Class": 0.00600433349609375, "node:Event": 0.0050048828125, "node:Entity": 0.0019969940185546875, "node:Snapshot": 12.40015983581543, "rel:has": 0.033599138259887695, "rel:observed": 0.043318748474121094, "rel:rel:Entity": 0.061995506286621094, "rel:snapshot": 0.05051374435424805, "rel:rel:SnapshotUpdate": 0.0823211669921875, "rel:rel:Snapshot": 0.1933302879333496, "node:Reified_Entity": 0.03753399848937988, "node:Reified_Snapshot": 0.07377266883850098, "rel:derived": 0.04546332359313965, "rel:corr:Entity": 0.36241960525512695, "rel:corr:ReifiedEntity": 5.634427547454834, "rel:corr:Snapshot": 0.7622172832489014, "rel:corr:ReifiedSnapshot": 8.037694454193115, "rel_Event-df[entity]->Event": 117.37682604789734, "rel_Event-df[snapshot]->Event": 142.13857531547546, "rel:df": 259.5154013633728}