{"node:Log": 0.0, "node:Class": 0.0030243396759033203, "node:Event": 0.003231525421142578, "node:Entity": 0.003124237060546875, "node:Snapshot": 24.18106770515442, "rel:has": 0.02332592010498047, "rel:observed": 0.02483081817626953, "rel:rel:Entity": 0.06274104118347168, "rel:snapshot": 0.11785411834716797, "rel:rel:SnapshotUpdate": 0.35230565071105957, "rel:rel:Snapshot": 0.5886728763580322, "node:Reified_Entity": 0.043497323989868164, "node:Reified_Snapshot": 0.18305277824401855, "rel:derived": 0.10855388641357422, "rel:corr:Entity": 0.2567613124847412, "rel:corr:ReifiedEntity": 0.33039069175720215, "rel:corr:Snapshot": 0.589442253112793, "rel:corr:ReifiedSnapshot": 0.7446637153625488, "rel_Event-df[entity]->Event": 32.79406785964966, "rel_Event-df[snapshot]->Event": 33.002437591552734, "rel:df": 65.79650545120239}