{"node:Log": 2.114305019378662, "node:Class": 2.1427483558654785, "node:Event": 2.4387760162353516, "node:Entity": 2.2968602180480957, "node:Snapshot": 27.168270111083984, "rel:has": 2.2310659885406494, "rel:observed": 2.266367197036743, "rel:rel:Entity": 7.028186321258545, "rel:snapshot": 2.54874849319458, "rel:rel:SnapshotUpdate": 730.409827709198, "rel:rel:Snapshot": 1400.1650459766388, "node:Reified_Entity": 2.428438901901245, "node:Reified_Snapshot": 3.590458631515503, "rel:derived": 10.1835196018219, "rel:corr": 391.7584638595581, "rel:df": 413.91462230682373}