{"node:Log": 0.13913440704345703, "node:Class": 0.11440849304199219, "node:Event": 0.13113856315612793, "node:Entity": 0.053876638412475586, "node:Snapshot": 0.4860105514526367, "rel:has": 0.13711047172546387, "rel:observed": 0.08067893981933594, "rel:rel:Entity": 0.06569480895996094, "rel:snapshot": 0.06178617477416992, "rel:rel:SnapshotUpdate": 0.14839911460876465, "rel:rel:Snapshot": 0.11516880989074707, "node:Reified_Entity": 0.05899357795715332, "node:Reified_Snapshot": 0.07143712043762207, "rel:derived": 0.2457294464111328, "rel:corr:Entity": 0.17481541633605957, "rel:corr:Snapshot": 0.2141125202178955, "rel:corr:ReifiedEntity": 0.04520750045776367, "rel:corr:ReifiedSnapshot": 0.06093311309814453, "rel:df": 0.37335729598999023}